CD3_counts,IHC_staining_intensity,gene_expression
1,-0.33844575457468057,-0.4863642713262283
-0.33844575457468057,1,-0.1050437408754424
-0.4863642713262283,-0.1050437408754424,1
