"","coef","exp.coef.","se.coef.","z","Pr...z.."
"case_statusGroup2",-0.0218363153710737,0.978400371046628,0.279371686376094,-0.0781622348861702,0.937699002272636
"age",0.00272143685754901,1.00272514332838,0.0111125731334513,0.244897093127503,0.80653611251967
"genderMale",0.431872144546449,1.54013818750576,0.285103353890865,1.51479152613464,0.129825207102799
