SampleID,CD3_counts,CD8_counts
1,54.44534148290285,30.872575146376395
2,40.4084428362148,23.713372386491336
3,62.96591584253264,28.530929920477025
4,66.47682607733496,35.190508262693974
5,47.93390152400689,28.1832708150182
6,50.74671250107185,30.70073093367858
7,64.594449433399,35.98805655966439
8,54.492698072725126,26.849237623043283
9,50.584027524418794,33.75999169457321
10,38.803112513736096,22.94579267083309
