SampleID,IHC_staining_intensity
1,96.5951693944019
2,115.7315310102912
3,109.3836987896506
4,99.13969174703149
5,88.14487961079305
6,118.56132229287269
7,98.3234286292924
8,81.71993997003923
9,96.41007237733906
10,115.13602146256471
