SampleID,gene_expression
1,130.19254820898135
2,204.85959447606444
3,170.13887999653676
4,184.0740056667335
5,181.0874930720928
6,148.2331294755411
7,152.99283965262293
8,244.9163117615735
9,213.58190284126252
10,251.55597889101662
